{"cameraMode":{"drawMode":0,"name":"Shaded","section":"Shading Mode"},"sceneLighting":true,"audioPlay":false,"sceneViewState":{"m_AlwaysRefresh":false,"showFog":true,"showSkybox":true,"showFlares":true,"showImageEffects":true,"showParticleSystems":true,"showVisualEffectGraphs":true,"m_FxEnabled":true},"in2DMode":false,"pivot":{"x":-20.28533363342285,"y":27.809749603271486,"z":-16.712074279785158},"rotation":{"x":0.19254997372627259,"y":0.7470000386238098,"z":-0.24491354823112489,"w":0.5873317718505859},"size":1.6760039329528809,"orthographic":false}